SupplierID,SupplierName,Country
1,Mason-Martin,Thailand
2,"Roberts, Collins and Oneal",Central African Republic
3,Jackson Inc,Papua New Guinea
4,"Brennan, Young and Wu",Albania
5,"Wright, Moss and Kane",Tunisia
6,Duran Group,Poland
7,Powell-Peterson,Tunisia
8,Walsh PLC,Cook Islands
9,Lynch-Munoz,New Zealand
10,"Harmon, Haynes and Norton",Christmas Island
11,Green Inc,Zambia
12,Thompson PLC,Kuwait
13,"Howard, Thornton and Monroe",Puerto Rico
14,"Hurley, Hernandez and Hawkins",Uganda
15,"Krause, Baker and Davis",Mexico
16,Wells-Davis,Brazil
17,Kline and Sons,Japan
18,"Tucker, Reed and Weiss",New Caledonia
19,Ray-Green,Costa Rica
20,"Howard, Ortega and Guerrero",Northern Mariana Islands
21,Bennett-Jones,Ghana
22,"Coleman, Mendoza and Hernandez",El Salvador
23,"Melton, Patel and Mckenzie",Cameroon
24,Dunlap and Sons,Tonga
25,Hughes PLC,Guernsey
26,James-Mccarty,Puerto Rico
27,Gilmore Ltd,Macedonia
28,"Ortega, Ibarra and Stephens",Maldives
29,Reynolds-Kim,Andorra
30,"Lopez, Evans and Anderson",Sweden
31,Mills PLC,Algeria
32,Andrade Inc,Taiwan
33,Benton Inc,Uganda
34,Sanders Inc,Norfolk Island
35,"Whitehead, Brown and Schmitt",Bosnia and Herzegovina
36,Wagner Ltd,Hong Kong
37,Shepard-Reyes,Eritrea
38,Sullivan-Martin,Moldova
39,"Anderson, Martinez and Tanner",Mauritius
40,Rodriguez and Sons,Portugal
41,Williams-Moore,Gibraltar
42,Kim Group,French Guiana
43,Armstrong-Allen,Argentina
44,Hamilton Group,Falkland Islands (Malvinas)
45,Wiggins-Beard,Senegal
46,Smith-Herman,Czech Republic
47,Bruce-Rodriguez,Venezuela
48,Elliott Inc,Heard Island and McDonald Islands
49,Beard-Osborne,Brunei Darussalam
50,"Walters, Steele and Cook",Andorra
51,Joseph-Kelley,Comoros
52,Wang and Sons,El Salvador
53,"Maddox, Henry and Frazier",Thailand
54,Lewis Inc,Paraguay
55,"Wu, Spencer and Hart",Estonia
56,Crawford-Golden,Comoros
57,Melton-Rush,Egypt
58,Weber-Francis,Liberia
59,Randolph and Sons,Turkey
60,"Ross, Russell and Meyer",Canada
61,Hughes-Morales,Albania
62,"Thornton, Li and Scott",Falkland Islands (Malvinas)
63,Bryant-Cruz,Palestinian Territory
64,"Duran, Arias and Mccoy",United States Minor Outlying Islands
65,Martin Inc,Wallis and Futuna
66,Thomas Ltd,Turkmenistan
67,Vasquez and Sons,Canada
68,Cervantes-Johns,Moldova
69,Grant-Cox,Romania
70,Lawrence Group,Burkina Faso
71,Cole Inc,Brazil
72,Walters-Johnson,Jamaica
73,King LLC,Nigeria
74,"Goodwin, Davis and Parker",Venezuela
75,Armstrong-Jordan,Gambia
76,Walker Ltd,United States of America
77,Moore-Rodriguez,French Southern Territories
78,Rosales Inc,Algeria
79,Bradford-Krause,Bahrain
80,Oliver-Anderson,Sweden
81,Armstrong Group,Congo
82,Cook Group,Thailand
83,Mejia Inc,Cambodia
84,"Lawrence, Lewis and Bryant",Colombia
85,Martin-Lewis,Wallis and Futuna
86,Guzman Inc,Kuwait
87,"Perez, Jones and Allen",Fiji
88,Nelson-Cook,Bhutan
89,Pham LLC,Mexico
90,"Morrison, Meadows and Stein",Austria
91,Silva-Mcfarland,Kiribati
92,"Young, Thomas and Romero",Turkmenistan
93,"Morales, Hanson and Strong",Qatar
94,"Lin, Harper and Harvey",Sao Tome and Principe
95,Fernandez and Sons,Pitcairn Islands
96,"Foster, Butler and Tate",Cameroon
97,Rivera Ltd,Palau
98,"Mclean, Caldwell and Santos",Mayotte
99,"Sanders, Hill and Odonnell",Mongolia
100,"Sexton, Butler and Obrien",Finland
